ID,FECHA,LOSS,LR,DICE_0,DICE_1,JI_0,JI_1,VAL
1,"24/08/21,21:19:13",0.7586857,0.0001,0,0,0,0,0
2,"24/08/21,21:19:15",0.7254372,0.0001,0,0,0,0,0
3,"24/08/21,21:19:17",0.7064426,0.0001,0,0,0,0,0
4,"24/08/21,21:19:18",0.69086534,0.0001,0,0,0,0,0
5,"24/08/21,21:19:20",0.6738429,0.0001,0,0,0,0,0
6,"24/08/21,21:19:21",0.65398663,0.0001,0,0,0,0,0
7,"24/08/21,21:19:23",0.6460557,0.0001,0,0,0,0,0
8,"24/08/21,21:19:25",0.6392471,0.0001,0,0,0,0,0
9,"24/08/21,21:19:26",0.6183605,0.0001,0,0,0,0,0
10,"24/08/21,21:19:28",0.6047847,0.0001,0,0,0,0,0
11,"24/08/21,21:19:29",0.60478646,0.0001,0,0,0,0,0
12,"24/08/21,21:19:31",0.58202946,0.0001,0,0,0,0,0
13,"24/08/21,21:19:32",0.58139265,0.0001,0,0,0,0,0
14,"24/08/21,21:19:34",0.5843384,0.0001,0,0,0,0,0
15,"24/08/21,21:19:35",0.5490162,0.0001,0,0,0,0,0
16,"24/08/21,21:19:37",0.5536581,0.0001,0,0,0,0,0
17,"24/08/21,21:19:38",0.54684436,0.0001,0,0,0,0,0
18,"24/08/21,21:19:40",0.529007,0.0001,0,0,0,0,0
19,"24/08/21,21:19:42",0.52826303,0.0001,0,0,0,0,0
20,"24/08/21,21:19:43",0.51346993,0.0001,0,0,0,0,0
21,"24/08/21,21:19:45",0.5136915,0.0001,0,0,0,0,0
22,"24/08/21,21:19:46",0.49813652,0.0001,0,0,0,0,0
23,"24/08/21,21:19:48",0.4969983,0.0001,0,0,0,0,0
24,"24/08/21,21:19:49",0.49046427,0.0001,0,0,0,0,0
25,"24/08/21,21:19:51",0.4747316,0.0001,0,0,0,0,0
26,"24/08/21,21:19:52",0.4667675,0.0001,0,0,0,0,0
27,"24/08/21,21:19:54",0.46116766,0.0001,0,0,0,0,0
28,"24/08/21,21:19:55",0.46534595,0.0001,0,0,0,0,0
29,"24/08/21,21:19:57",0.4535681,0.0001,0,0,0,0,0
30,"24/08/21,21:19:59",0.45335478,0.0001,0,0,0,0,0
31,"24/08/21,21:20:00",0.45229164,0.0001,0,0,0,0,0
32,"24/08/21,21:20:02",0.4489706,0.0001,0,0,0,0,0
33,"24/08/21,21:20:03",0.44626278,0.0001,0,0,0,0,0
34,"24/08/21,21:20:05",0.44387877,0.0001,0,0,0,0,0
35,"24/08/21,21:20:06",0.43325305,0.0001,0,0,0,0,0
36,"24/08/21,21:20:08",0.42730272,0.0001,0,0,0,0,0
37,"24/08/21,21:20:09",0.4321767,0.0001,0,0,0,0,0
38,"24/08/21,21:20:11",0.4268452,0.0001,0,0,0,0,0
39,"24/08/21,21:20:12",0.42715922,0.0001,0,0,0,0,0
40,"24/08/21,21:20:14",0.42473477,0.0001,0,0,0,0,0
41,"24/08/21,21:20:16",0.4195331,0.0001,0,0,0,0,0
42,"24/08/21,21:20:17",0.41812178,0.0001,0,0,0,0,0
43,"24/08/21,21:20:19",0.41534448,0.0001,0,0,0,0,0
44,"24/08/21,21:20:20",0.4240924,0.0001,0,0,0,0,0
45,"24/08/21,21:20:22",0.41479522,0.0001,0,0,0,0,0
46,"24/08/21,21:20:23",0.4063201,0.0001,0,0,0,0,0
47,"24/08/21,21:20:25",0.4115721,0.0001,0,0,0,0,0
48,"24/08/21,21:20:26",0.4048468,0.0001,0,0,0,0,0
49,"24/08/21,21:20:28",0.41125268,0.0001,0,0,0,0,0
50,"24/08/21,21:20:29",0.4084472,0.0001,0,0,0,0,0
51,"24/08/21,21:20:31",0.40035647,0.0001,0,0,0,0,0
52,"24/08/21,21:20:33",0.40450847,0.0001,0,0,0,0,0
53,"24/08/21,21:20:34",0.3974492,0.0001,0,0,0,0,0
54,"24/08/21,21:20:36",0.39815477,0.0001,0,0,0,0,0
55,"24/08/21,21:20:37",0.3955928,0.0001,0,0,0,0,0
56,"24/08/21,21:20:39",0.39549282,0.0001,0,0,0,0,0
57,"24/08/21,21:20:40",0.39745057,0.0001,0,0,0,0,0
58,"24/08/21,21:20:42",0.39538294,0.0001,0,0,0,0,0
59,"24/08/21,21:20:43",0.39467317,0.0001,0,0,0,0,0
60,"24/08/21,21:20:45",0.39706045,0.0001,0,0,0,0,0
61,"24/08/21,21:20:46",0.46115977,0.0001,0,0,0,0,0
62,"24/08/21,21:20:48",0.44099167,0.0001,0,0,0,0,0
63,"24/08/21,21:20:50",0.3939689,0.0001,0,0,0,0,0
64,"24/08/21,21:20:51",0.39774263,0.0001,0,0,0,0,0
65,"24/08/21,21:20:53",0.39224532,0.0001,0,0,0,0,0
66,"24/08/21,21:20:54",0.39589685,0.0001,0,0,0,0,0
67,"24/08/21,21:20:56",0.3903655,0.0001,0,0,0,0,0
68,"24/08/21,21:20:57",0.39259872,0.0001,0,0,0,0,0
69,"24/08/21,21:20:59",0.4061737,0.0001,0,0,0,0,0
70,"24/08/21,21:21:00",0.39188457,0.0001,0,0,0,0,0
71,"24/08/21,21:21:02",0.39178172,0.0001,0,0,0,0,0
72,"24/08/21,21:21:03",0.3896412,0.0001,0,0,0,0,0
73,"24/08/21,21:21:05",0.39009684,0.0001,0,0,0,0,0
74,"24/08/21,21:21:07",0.38844898,0.0001,0,0,0,0,0
75,"24/08/21,21:21:08",0.3834347,0.0001,0,0,0,0,0
76,"24/08/21,21:21:10",0.38908726,0.0001,0,0,0,0,0
77,"24/08/21,21:21:11",0.38628232,0.0001,0,0,0,0,0
78,"24/08/21,21:21:13",0.387716,0.0001,0,0,0,0,0
79,"24/08/21,21:21:14",0.38739675,0.0001,0,0,0,0,0
80,"24/08/21,21:21:16",0.3805802,0.0001,0,0,0,0,0
81,"24/08/21,21:21:17",0.3807616,0.0001,0,0,0,0,0
82,"24/08/21,21:21:19",0.38113177,0.0001,0,0,0,0,0
83,"24/08/21,21:21:20",0.38142598,0.0001,0,0,0,0,0
84,"24/08/21,21:21:22",0.38251185,0.0001,0,0,0,0,0
85,"24/08/21,21:21:24",0.39264053,0.0001,0,0,0,0,0
86,"24/08/21,21:21:25",0.3781145,0.0001,0,0,0,0,0
87,"24/08/21,21:21:27",0.37171268,0.0001,0,0,0,0,0
88,"24/08/21,21:21:28",0.37957525,0.0001,0,0,0,0,0
89,"24/08/21,21:21:30",0.36453968,0.0001,0,0,0,0,0
90,"24/08/21,21:21:31",0.37073517,0.0001,0,0,0,0,0
91,"24/08/21,21:21:33",0.36583203,0.0001,0,0,0,0,0
92,"24/08/21,21:21:34",0.37361646,0.0001,0,0,0,0,0
93,"24/08/21,21:21:36",0.36855423,0.0001,0,0,0,0,0
94,"24/08/21,21:21:37",0.37223315,0.0001,0,0,0,0,0
95,"24/08/21,21:21:39",0.3716351,0.0001,0,0,0,0,0
96,"24/08/21,21:21:41",0.36312705,0.0001,0,0,0,0,0
97,"24/08/21,21:21:42",0.36431152,0.0001,0,0,0,0,0
98,"24/08/21,21:21:44",0.3650037,0.0001,0,0,0,0,0
99,"24/08/21,21:21:45",0.3627408,0.0001,0,0,0,0,0
100,"24/08/21,21:21:47",0.3599829,0.0001,0,0,0,0,0
101,"24/08/21,21:21:48",0.36065304,0.0001,0,0,0,0,0
102,"24/08/21,21:21:50",0.36795315,0.0001,0,0,0,0,0
103,"24/08/21,21:21:51",0.35872573,0.0001,0,0,0,0,0
104,"24/08/21,21:21:53",0.35701585,0.0001,0,0,0,0,0
105,"24/08/21,21:21:54",0.36180735,0.0001,0,0,0,0,0
106,"24/08/21,21:21:56",0.361073,0.0001,0,0,0,0,0
107,"24/08/21,21:21:58",0.35641986,0.0001,0,0,0,0,0
108,"24/08/21,21:21:59",0.3530993,0.0001,0,0,0,0,0
109,"24/08/21,21:22:01",0.357144,0.0001,0,0,0,0,0
110,"24/08/21,21:22:02",0.35887355,0.0001,0,0,0,0,0
111,"24/08/21,21:22:04",0.3601964,0.0001,0,0,0,0,0
112,"24/08/21,21:22:05",0.35908067,0.0001,0,0,0,0,0
113,"24/08/21,21:22:07",0.36309844,0.0001,0,0,0,0,0
114,"24/08/21,21:22:08",0.3541305,0.0001,0,0,0,0,0
115,"24/08/21,21:22:10",0.3501544,0.0001,0,0,0,0,0
116,"24/08/21,21:22:11",0.35640484,0.0001,0,0,0,0,0
117,"24/08/21,21:22:13",0.3544585,0.0001,0,0,0,0,0
118,"24/08/21,21:22:15",0.35919976,0.0001,0,0,0,0,0
119,"24/08/21,21:22:16",0.351879,0.0001,0,0,0,0,0
120,"24/08/21,21:22:18",0.3533477,0.0001,0,0,0,0,0
121,"24/08/21,21:22:19",0.35586149,0.0001,0,0,0,0,0
122,"24/08/21,21:22:21",0.34966353,0.0001,0,0,0,0,0
123,"24/08/21,21:22:22",0.34781265,0.0001,0,0,0,0,0
124,"24/08/21,21:22:24",0.3500896,0.0001,0,0,0,0,0
125,"24/08/21,21:22:25",0.34816518,0.0001,0,0,0,0,0
126,"24/08/21,21:22:27",0.345249,0.0001,0,0,0,0,0
127,"24/08/21,21:22:28",0.3486297,0.0001,0,0,0,0,0
128,"24/08/21,21:22:30",0.34440732,0.0001,0,0,0,0,0
129,"24/08/21,21:22:32",0.3472646,0.0001,0,0,0,0,0
130,"24/08/21,21:22:33",0.34861952,0.0001,0,0,0,0,0
131,"24/08/21,21:22:35",0.34494153,0.0001,0,0,0,0,0
132,"24/08/21,21:22:36",0.3461951,0.0001,0,0,0,0,0
133,"24/08/21,21:22:38",0.33937386,0.0001,0,0,0,0,0
134,"24/08/21,21:22:39",0.33819962,0.0001,0,0,0,0,0
135,"24/08/21,21:22:41",0.34907642,0.0001,0,0,0,0,0
136,"24/08/21,21:22:42",0.335715,0.0001,0,0,0,0,0
137,"24/08/21,21:22:44",0.33802155,0.0001,0,0,0,0,0
138,"24/08/21,21:22:45",0.3446635,0.0001,0,0,0,0,0
139,"24/08/21,21:22:47",0.3407573,0.0001,0,0,0,0,0
140,"24/08/21,21:22:49",0.33274192,0.0001,0,0,0,0,0
141,"24/08/21,21:22:50",0.34611422,0.0001,0,0,0,0,0
142,"24/08/21,21:22:52",0.3441907,0.0001,0,0,0,0,0
143,"24/08/21,21:22:53",0.3362279,0.0001,0,0,0,0,0
144,"24/08/21,21:22:55",0.3334518,0.0001,0,0,0,0,0
145,"24/08/21,21:22:56",0.33779937,0.0001,0,0,0,0,0
146,"24/08/21,21:22:58",0.33931926,0.0001,0,0,0,0,0
147,"24/08/21,21:22:59",0.3359592,0.0001,0,0,0,0,0
148,"24/08/21,21:23:01",0.33348936,0.0001,0,0,0,0,0
149,"24/08/21,21:23:02",0.33173573,0.0001,0,0,0,0,0
150,"24/08/21,21:23:04",0.33134836,0.0001,0,0,0,0,0
151,"24/08/21,21:23:06",0.3338433,0.0001,0,0,0,0,0
152,"24/08/21,21:23:07",0.32757872,0.0001,0,0,0,0,0
153,"24/08/21,21:23:09",0.3319892,0.0001,0,0,0,0,0
154,"24/08/21,21:23:10",0.33140376,0.0001,0,0,0,0,0
155,"24/08/21,21:23:12",0.33266747,0.0001,0,0,0,0,0
156,"24/08/21,21:23:13",0.3276866,0.0001,0,0,0,0,0
157,"24/08/21,21:23:15",0.32972407,0.0001,0,0,0,0,0
158,"24/08/21,21:23:16",0.3307155,0.0001,0,0,0,0,0
159,"24/08/21,21:23:18",0.3375415,0.0001,0,0,0,0,0
160,"24/08/21,21:23:20",0.33134902,0.0001,0,0,0,0,0
161,"24/08/21,21:23:21",0.33170047,0.0001,0,0,0,0,0
162,"24/08/21,21:23:23",0.32688177,0.0001,0,0,0,0,0
163,"24/08/21,21:23:24",0.32624096,0.0001,0,0,0,0,0
164,"24/08/21,21:23:26",0.3233909,0.0001,0,0,0,0,0
165,"24/08/21,21:23:27",0.32718486,0.0001,0,0,0,0,0
166,"24/08/21,21:23:29",0.32450584,0.0001,0,0,0,0,0
167,"24/08/21,21:23:30",0.3227016,0.0001,0,0,0,0,0
168,"24/08/21,21:23:32",0.3261916,0.0001,0,0,0,0,0
169,"24/08/21,21:23:33",0.32728085,0.0001,0,0,0,0,0
170,"24/08/21,21:23:35",0.3264795,0.0001,0,0,0,0,0
171,"24/08/21,21:23:37",0.3259783,0.0001,0,0,0,0,0
172,"24/08/21,21:23:38",0.3223152,0.0001,0,0,0,0,0
173,"24/08/21,21:23:40",0.31848434,0.0001,0,0,0,0,0
174,"24/08/21,21:23:41",0.32056093,0.0001,0,0,0,0,0
175,"24/08/21,21:23:43",0.32342792,0.0001,0,0,0,0,0
176,"24/08/21,21:23:44",0.32280707,0.0001,0,0,0,0,0
177,"24/08/21,21:23:46",0.32023638,0.0001,0,0,0,0,0
178,"24/08/21,21:23:47",0.32805783,0.0001,0,0,0,0,0
179,"24/08/21,21:23:49",0.32224768,0.0001,0,0,0,0,0
180,"24/08/21,21:23:50",0.31555593,0.0001,0,0,0,0,0
181,"24/08/21,21:23:52",0.3233097,0.0001,0,0,0,0,0
182,"24/08/21,21:23:54",0.31832817,0.0001,0,0,0,0,0
183,"24/08/21,21:23:55",0.31811517,0.0001,0,0,0,0,0
184,"24/08/21,21:23:57",0.31264228,0.0001,0,0,0,0,0
185,"24/08/21,21:23:58",0.31449854,0.0001,0,0,0,0,0
186,"24/08/21,21:24:00",0.31157303,0.0001,0,0,0,0,0
187,"24/08/21,21:24:01",0.31373486,0.0001,0,0,0,0,0
188,"24/08/21,21:24:03",0.31727076,0.0001,0,0,0,0,0
189,"24/08/21,21:24:04",0.3125485,0.0001,0,0,0,0,0
190,"24/08/21,21:24:06",0.31087437,0.0001,0,0,0,0,0
191,"24/08/21,21:24:07",0.31072155,0.0001,0,0,0,0,0
192,"24/08/21,21:24:09",0.31134248,0.0001,0,0,0,0,0
193,"24/08/21,21:24:11",0.3113782,0.0001,0,0,0,0,0
194,"24/08/21,21:24:12",0.3081002,0.0001,0,0,0,0,0
195,"24/08/21,21:24:14",0.3081454,0.0001,0,0,0,0,0
196,"24/08/21,21:24:15",0.30538747,0.0001,0,0,0,0,0
197,"24/08/21,21:24:17",0.30755526,0.0001,0,0,0,0,0
198,"24/08/21,21:24:18",0.3073177,0.0001,0,0,0,0,0
199,"24/08/21,21:24:20",0.30793852,0.0001,0,0,0,0,0
200,"24/08/21,21:24:21",0.30627093,0.0001,0,0,0,0,0
201,"24/08/21,21:24:23",0.30639917,0.0001,0,0,0,0,0
202,"24/08/21,21:24:24",0.305923,0.0001,0,0,0,0,0
203,"24/08/21,21:24:26",0.3063352,0.0001,0,0,0,0,0
204,"24/08/21,21:24:28",0.302423,0.0001,0,0,0,0,0
205,"24/08/21,21:24:29",0.30389738,0.0001,0,0,0,0,0
206,"24/08/21,21:24:31",0.30404633,0.0001,0,0,0,0,0
207,"24/08/21,21:24:32",0.3015399,0.0001,0,0,0,0,0
208,"24/08/21,21:24:34",0.30186367,0.0001,0,0,0,0,0
209,"24/08/21,21:24:35",0.30041245,0.0001,0,0,0,0,0
210,"24/08/21,21:24:37",0.30025005,0.0001,0,0,0,0,0
211,"24/08/21,21:24:38",0.30579555,0.0001,0,0,0,0,0
212,"24/08/21,21:24:40",0.29870915,0.0001,0,0,0,0,0
213,"24/08/21,21:24:41",0.29693744,0.0001,0,0,0,0,0
214,"24/08/21,21:24:43",0.3009712,0.0001,0,0,0,0,0
215,"24/08/21,21:24:45",0.30378196,0.0001,0,0,0,0,0
216,"24/08/21,21:24:46",0.2995041,0.0001,0,0,0,0,0
217,"24/08/21,21:24:48",0.29980087,0.0001,0,0,0,0,0
218,"24/08/21,21:24:49",0.30125803,0.0001,0,0,0,0,0
219,"24/08/21,21:24:51",0.29833767,0.0001,0,0,0,0,0
220,"24/08/21,21:24:52",0.29553038,0.0001,0,0,0,0,0
221,"24/08/21,21:24:54",0.2939512,0.0001,0,0,0,0,0
222,"24/08/21,21:24:55",0.30023044,0.0001,0,0,0,0,0
223,"24/08/21,21:24:57",0.2960186,0.0001,0,0,0,0,0
224,"24/08/21,21:24:58",0.29117018,0.0001,0,0,0,0,0
225,"24/08/21,21:25:00",0.29535824,0.0001,0,0,0,0,0
226,"24/08/21,21:25:02",0.30048817,0.0001,0,0,0,0,0
227,"24/08/21,21:25:03",0.294424,0.0001,0,0,0,0,0
228,"24/08/21,21:25:05",0.30116162,0.0001,0,0,0,0,0
229,"24/08/21,21:25:06",0.29021406,0.0001,0,0,0,0,0
230,"24/08/21,21:25:08",0.29407728,0.0001,0,0,0,0,0
231,"24/08/21,21:25:09",0.29783016,0.0001,0,0,0,0,0
232,"24/08/21,21:25:11",0.29358587,0.0001,0,0,0,0,0
233,"24/08/21,21:25:12",0.2933675,0.0001,0,0,0,0,0
234,"24/08/21,21:25:14",0.29234633,0.0001,0,0,0,0,0
235,"24/08/21,21:25:15",0.29079574,0.0001,0,0,0,0,0
236,"24/08/21,21:25:17",0.2835813,0.0001,0,0,0,0,0
237,"24/08/21,21:25:19",0.285841,0.0001,0,0,0,0,0
238,"24/08/21,21:25:20",0.28822646,0.0001,0,0,0,0,0
239,"24/08/21,21:25:22",0.288435,0.0001,0,0,0,0,0
240,"24/08/21,21:25:23",0.29292208,0.0001,0,0,0,0,0
241,"24/08/21,21:25:25",0.29043615,0.0001,0,0,0,0,0
242,"24/08/21,21:25:26",0.2853365,0.0001,0,0,0,0,0
243,"24/08/21,21:25:28",0.2836134,0.0001,0,0,0,0,0
244,"24/08/21,21:25:29",0.28084233,0.0001,0,0,0,0,0
245,"24/08/21,21:25:31",0.2840616,0.0001,0,0,0,0,0
246,"24/08/21,21:25:32",0.28714973,0.0001,0,0,0,0,0
247,"24/08/21,21:25:34",0.28991336,0.0001,0,0,0,0,0
248,"24/08/21,21:25:36",0.28582042,0.0001,0,0,0,0,0
249,"24/08/21,21:25:37",0.28191245,0.0001,0,0,0,0,0
250,"24/08/21,21:25:39",0.2859798,0.0001,0,0,0,0,0
251,"24/08/21,21:25:40",0.27899286,0.0001,0,0,0,0,0
252,"24/08/21,21:25:42",0.27855933,0.0001,0,0,0,0,0
253,"24/08/21,21:25:43",0.28149912,0.0001,0,0,0,0,0
254,"24/08/21,21:25:45",0.28087467,0.0001,0,0,0,0,0
255,"24/08/21,21:25:46",0.27739915,0.0001,0,0,0,0,0
256,"24/08/21,21:25:48",0.27736497,0.0001,0,0,0,0,0
257,"24/08/21,21:25:49",0.28491652,0.0001,0,0,0,0,0
258,"24/08/21,21:25:51",0.28291252,0.0001,0,0,0,0,0
259,"24/08/21,21:25:53",0.27959833,0.0001,0,0,0,0,0
260,"24/08/21,21:25:54",0.27931732,0.0001,0,0,0,0,0
261,"24/08/21,21:25:56",0.27914453,0.0001,0,0,0,0,0
262,"24/08/21,21:25:57",0.28060225,0.0001,0,0,0,0,0
263,"24/08/21,21:25:59",0.27965742,0.0001,0,0,0,0,0
264,"24/08/21,21:26:00",0.28211266,0.0001,0,0,0,0,0
265,"24/08/21,21:26:02",0.27427727,0.0001,0,0,0,0,0
266,"24/08/21,21:26:03",0.27173972,0.0001,0,0,0,0,0
267,"24/08/21,21:26:05",0.27805454,0.0001,0,0,0,0,0
268,"24/08/21,21:26:06",0.27206737,0.0001,0,0,0,0,0
269,"24/08/21,21:26:08",0.27319336,0.0001,0,0,0,0,0
270,"24/08/21,21:26:10",0.27456763,0.0001,0,0,0,0,0
271,"24/08/21,21:26:11",0.27679813,0.0001,0,0,0,0,0
272,"24/08/21,21:26:13",0.26944464,0.0001,0,0,0,0,0
273,"24/08/21,21:26:14",0.2711928,0.0001,0,0,0,0,0
274,"24/08/21,21:26:16",0.2758634,0.0001,0,0,0,0,0
275,"24/08/21,21:26:17",0.2720404,0.0001,0,0,0,0,0
276,"24/08/21,21:26:19",0.2698832,0.0001,0,0,0,0,0
277,"24/08/21,21:26:20",0.2668046,0.0001,0,0,0,0,0
278,"24/08/21,21:26:22",0.2746028,0.0001,0,0,0,0,0
279,"24/08/21,21:26:23",0.27166158,0.0001,0,0,0,0,0
280,"24/08/21,21:26:25",0.26452532,0.0001,0,0,0,0,0
281,"24/08/21,21:26:27",0.267489,0.0001,0,0,0,0,0
282,"24/08/21,21:26:28",0.26640075,0.0001,0,0,0,0,0
283,"24/08/21,21:26:30",0.26953024,0.0001,0,0,0,0,0
284,"24/08/21,21:26:31",0.2643836,0.0001,0,0,0,0,0
285,"24/08/21,21:26:33",0.26057467,0.0001,0,0,0,0,0
286,"24/08/21,21:26:34",0.26428097,0.0001,0,0,0,0,0
287,"24/08/21,21:26:36",0.26264396,0.0001,0,0,0,0,0
288,"24/08/21,21:26:37",0.2686648,0.0001,0,0,0,0,0
289,"24/08/21,21:26:39",0.26313898,0.0001,0,0,0,0,0
290,"24/08/21,21:26:40",0.26307994,0.0001,0,0,0,0,0
291,"24/08/21,21:26:42",0.26395404,0.0001,0,0,0,0,0
292,"24/08/21,21:26:43",0.26178834,0.0001,0,0,0,0,0
293,"24/08/21,21:26:45",0.25774455,0.0001,0,0,0,0,0
294,"24/08/21,21:26:47",0.26768637,0.0001,0,0,0,0,0
295,"24/08/21,21:26:48",0.26466495,0.0001,0,0,0,0,0
296,"24/08/21,21:26:50",0.26391724,0.0001,0,0,0,0,0
297,"24/08/21,21:26:51",0.26029354,0.0001,0,0,0,0,0
298,"24/08/21,21:26:53",0.2592663,0.0001,0,0,0,0,0
299,"24/08/21,21:26:54",0.2743162,0.0001,0,0,0,0,0
300,"24/08/21,21:26:56",0.2671989,0.0001,0,0,0,0,0
301,"24/08/21,21:26:57",0.25872517,0.0001,0,0,0,0,0
302,"24/08/21,21:26:59",0.2590177,0.0001,0,0,0,0,0
303,"24/08/21,21:27:00",0.25430077,0.0001,0,0,0,0,0
304,"24/08/21,21:27:02",0.25861698,0.0001,0,0,0,0,0
305,"24/08/21,21:27:04",0.25351056,0.0001,0,0,0,0,0
306,"24/08/21,21:27:05",0.25614578,0.0001,0,0,0,0,0
307,"24/08/21,21:27:07",0.2513083,0.0001,0,0,0,0,0
308,"24/08/21,21:27:08",0.25633764,0.0001,0,0,0,0,0
309,"24/08/21,21:27:10",0.25286075,0.0001,0,0,0,0,0
310,"24/08/21,21:27:11",0.25720346,0.0001,0,0,0,0,0
311,"24/08/21,21:27:13",0.25597817,0.0001,0,0,0,0,0
312,"24/08/21,21:27:14",0.24984387,0.0001,0,0,0,0,0
313,"24/08/21,21:27:16",0.25060424,0.0001,0,0,0,0,0
314,"24/08/21,21:27:17",0.2513913,0.0001,0,0,0,0,0
315,"24/08/21,21:27:19",0.25140494,0.0001,0,0,0,0,0
316,"24/08/21,21:27:21",0.24925065,0.0001,0,0,0,0,0
317,"24/08/21,21:27:22",0.25648803,0.0001,0,0,0,0,0
318,"24/08/21,21:27:24",0.2511851,0.0001,0,0,0,0,0
319,"24/08/21,21:27:25",0.2564602,0.0001,0,0,0,0,0
320,"24/08/21,21:27:27",0.25772458,0.0001,0,0,0,0,0
321,"24/08/21,21:27:28",0.24827994,0.0001,0,0,0,0,0
322,"24/08/21,21:27:30",0.25290984,0.0001,0,0,0,0,0
323,"24/08/21,21:27:31",0.24934168,0.0001,0,0,0,0,0
324,"24/08/21,21:27:33",0.25742474,0.0001,0,0,0,0,0
325,"24/08/21,21:27:34",0.25025833,0.0001,0,0,0,0,0
326,"24/08/21,21:27:36",0.25123966,0.0001,0,0,0,0,0
327,"24/08/21,21:27:38",0.2505198,0.0001,0,0,0,0,0
328,"24/08/21,21:27:39",0.24244477,0.0001,0,0,0,0,0
329,"24/08/21,21:27:41",0.24674958,0.0001,0,0,0,0,0
330,"24/08/21,21:27:42",0.24618363,0.0001,0,0,0,0,0
331,"24/08/21,21:27:44",0.24485949,0.0001,0,0,0,0,0
332,"24/08/21,21:27:45",0.2462802,0.0001,0,0,0,0,0
333,"24/08/21,21:27:47",0.24668439,0.0001,0,0,0,0,0
334,"24/08/21,21:27:48",0.24728349,0.0001,0,0,0,0,0
335,"24/08/21,21:27:50",0.24806242,0.0001,0,0,0,0,0
336,"24/08/21,21:27:51",0.24114569,0.0001,0,0,0,0,0
337,"24/08/21,21:27:53",0.23952842,0.0001,0,0,0,0,0
338,"24/08/21,21:27:55",0.24690792,0.0001,0,0,0,0,0
339,"24/08/21,21:27:56",0.24944857,0.0001,0,0,0,0,0
340,"24/08/21,21:27:58",0.24092148,0.0001,0,0,0,0,0
341,"24/08/21,21:27:59",0.24075285,0.0001,0,0,0,0,0
342,"24/08/21,21:28:01",0.2408044,0.0001,0,0,0,0,0
343,"24/08/21,21:28:02",0.24337369,0.0001,0,0,0,0,0
344,"24/08/21,21:28:04",0.24561384,0.0001,0,0,0,0,0
345,"24/08/21,21:28:05",0.24033526,0.0001,0,0,0,0,0
346,"24/08/21,21:28:07",0.24054414,0.0001,0,0,0,0,0
347,"24/08/21,21:28:08",0.2400996,0.0001,0,0,0,0,0
348,"24/08/21,21:28:10",0.24084908,0.0001,0,0,0,0,0
349,"24/08/21,21:28:12",0.2432648,0.0001,0,0,0,0,0
350,"24/08/21,21:28:13",0.238043,0.0001,0,0,0,0,0
351,"24/08/21,21:28:15",0.2385939,0.0001,0,0,0,0,0
352,"24/08/21,21:28:16",0.23836891,0.0001,0,0,0,0,0
353,"24/08/21,21:28:18",0.23543376,0.0001,0,0,0,0,0
354,"24/08/21,21:28:19",0.23625666,0.0001,0,0,0,0,0
355,"24/08/21,21:28:21",0.23989256,0.0001,0,0,0,0,0
356,"24/08/21,21:28:22",0.23124485,0.0001,0,0,0,0,0
357,"24/08/21,21:28:24",0.23636481,0.0001,0,0,0,0,0
358,"24/08/21,21:28:25",0.23884046,0.0001,0,0,0,0,0
359,"24/08/21,21:28:27",0.23489217,0.0001,0,0,0,0,0
360,"24/08/21,21:28:29",0.23910707,0.0001,0,0,0,0,0
361,"24/08/21,21:28:30",0.23574543,0.0001,0,0,0,0,0
362,"24/08/21,21:28:32",0.23423965,0.0001,0,0,0,0,0
363,"24/08/21,21:28:33",0.2376761,0.0001,0,0,0,0,0
364,"24/08/21,21:28:35",0.2311196,0.0001,0,0,0,0,0
365,"24/08/21,21:28:36",0.23438624,0.0001,0,0,0,0,0
366,"24/08/21,21:28:38",0.2392321,0.0001,0,0,0,0,0
367,"24/08/21,21:28:39",0.22805998,0.0001,0,0,0,0,0
368,"24/08/21,21:28:41",0.22938618,0.0001,0,0,0,0,0
369,"24/08/21,21:28:42",0.23127085,0.0001,0,0,0,0,0
370,"24/08/21,21:28:44",0.23564015,0.0001,0,0,0,0,0
371,"24/08/21,21:28:46",0.2346535,0.0001,0,0,0,0,0
372,"24/08/21,21:28:47",0.23554409,0.0001,0,0,0,0,0
373,"24/08/21,21:28:49",0.22819115,0.0001,0,0,0,0,0
374,"24/08/21,21:28:50",0.2282594,0.0001,0,0,0,0,0
375,"24/08/21,21:28:52",0.23505218,0.0001,0,0,0,0,0
376,"24/08/21,21:28:53",0.23091052,0.0001,0,0,0,0,0
377,"24/08/21,21:28:55",0.22409885,0.0001,0,0,0,0,0
378,"24/08/21,21:28:56",0.22546579,0.0001,0,0,0,0,0
379,"24/08/21,21:28:58",0.22545151,0.0001,0,0,0,0,0
380,"24/08/21,21:28:59",0.22874454,0.0001,0,0,0,0,0
381,"24/08/21,21:29:01",0.2349244,0.0001,0,0,0,0,0
382,"24/08/21,21:29:03",0.22391117,0.0001,0,0,0,0,0
383,"24/08/21,21:29:04",0.22877488,0.0001,0,0,0,0,0
384,"24/08/21,21:29:06",0.22508213,0.0001,0,0,0,0,0
385,"24/08/21,21:29:07",0.222696,0.0001,0,0,0,0,0
386,"24/08/21,21:29:09",0.22852695,0.0001,0,0,0,0,0
387,"24/08/21,21:29:10",0.22545435,0.0001,0,0,0,0,0
388,"24/08/21,21:29:12",0.22625133,0.0001,0,0,0,0,0
389,"24/08/21,21:29:13",0.22135629,0.0001,0,0,0,0,0
390,"24/08/21,21:29:15",0.23422308,0.0001,0,0,0,0,0
391,"24/08/21,21:29:16",0.22359036,0.0001,0,0,0,0,0
392,"24/08/21,21:29:18",0.22765355,0.0001,0,0,0,0,0
393,"24/08/21,21:29:20",0.2211642,0.0001,0,0,0,0,0
394,"24/08/21,21:29:21",0.22434764,0.0001,0,0,0,0,0
395,"24/08/21,21:29:23",0.22095555,0.0001,0,0,0,0,0
396,"24/08/21,21:29:24",0.21830544,0.0001,0,0,0,0,0
397,"24/08/21,21:29:26",0.22347242,0.0001,0,0,0,0,0
398,"24/08/21,21:29:27",0.22273687,0.0001,0,0,0,0,0
399,"24/08/21,21:29:29",0.21484908,0.0001,0,0,0,0,0
400,"24/08/21,21:29:30",0.22246961,0.0001,0,0,0,0,0
401,"24/08/21,21:29:32",0.22116214,0.0001,0,0,0,0,0
402,"24/08/21,21:29:33",0.2152868,0.0001,0,0,0,0,0
403,"24/08/21,21:29:35",0.22439408,0.0001,0,0,0,0,0
404,"24/08/21,21:29:37",0.22161832,0.0001,0,0,0,0,0
405,"24/08/21,21:29:38",0.2199758,0.0001,0,0,0,0,0
406,"24/08/21,21:29:40",0.21810606,0.0001,0,0,0,0,0
407,"24/08/21,21:29:41",0.22031869,0.0001,0,0,0,0,0
408,"24/08/21,21:29:43",0.2132417,0.0001,0,0,0,0,0
409,"24/08/21,21:29:44",0.21808949,0.0001,0,0,0,0,0
410,"24/08/21,21:29:46",0.22034703,0.0001,0,0,0,0,0
411,"24/08/21,21:29:47",0.22087255,0.0001,0,0,0,0,0
412,"24/08/21,21:29:49",0.2130121,0.0001,0,0,0,0,0
413,"24/08/21,21:29:50",0.21799889,0.0001,0,0,0,0,0
414,"24/08/21,21:29:52",0.22079042,0.0001,0,0,0,0,0
415,"24/08/21,21:29:54",0.2097511,0.0001,0,0,0,0,0
416,"24/08/21,21:29:55",0.21149792,0.0001,0,0,0,0,0
417,"24/08/21,21:29:57",0.2126561,0.0001,0,0,0,0,0
418,"24/08/21,21:29:58",0.21018964,0.0001,0,0,0,0,0
419,"24/08/21,21:30:00",0.21296568,0.0001,0,0,0,0,0
420,"24/08/21,21:30:01",0.21512386,0.0001,0,0,0,0,0
421,"24/08/21,21:30:03",0.21369663,0.0001,0,0,0,0,0
422,"24/08/21,21:30:04",0.21166807,0.0001,0,0,0,0,0
423,"24/08/21,21:30:06",0.21798532,0.0001,0,0,0,0,0
424,"24/08/21,21:30:07",0.21902946,0.0001,0,0,0,0,0
425,"24/08/21,21:30:09",0.2065436,0.0001,0,0,0,0,0
426,"24/08/21,21:30:11",0.21328211,0.0001,0,0,0,0,0
427,"24/08/21,21:30:12",0.21504939,0.0001,0,0,0,0,0
428,"24/08/21,21:30:14",0.20745908,0.0001,0,0,0,0,0
429,"24/08/21,21:30:15",0.21371895,0.0001,0,0,0,0,0
430,"24/08/21,21:30:17",0.20682783,0.0001,0,0,0,0,0
431,"24/08/21,21:30:18",0.21145216,0.0001,0,0,0,0,0
432,"24/08/21,21:30:20",0.21084422,0.0001,0,0,0,0,0
433,"24/08/21,21:30:21",0.20730075,0.0001,0,0,0,0,0
434,"24/08/21,21:30:23",0.20875189,0.0001,0,0,0,0,0
435,"24/08/21,21:30:24",0.20623666,0.0001,0,0,0,0,0
436,"24/08/21,21:30:26",0.20895678,0.0001,0,0,0,0,0
437,"24/08/21,21:30:28",0.20456219,0.0001,0,0,0,0,0
438,"24/08/21,21:30:29",0.20466155,0.0001,0,0,0,0,0
439,"24/08/21,21:30:31",0.20698199,0.0001,0,0,0,0,0
440,"24/08/21,21:30:32",0.2044794,0.0001,0,0,0,0,0
441,"24/08/21,21:30:34",0.20801261,0.0001,0,0,0,0,0
442,"24/08/21,21:30:35",0.20838875,0.0001,0,0,0,0,0
443,"24/08/21,21:30:37",0.20529178,0.0001,0,0,0,0,0
444,"24/08/21,21:30:38",0.20855972,0.0001,0,0,0,0,0
445,"24/08/21,21:30:40",0.2051791,0.0001,0,0,0,0,0
446,"24/08/21,21:30:41",0.20515251,0.0001,0,0,0,0,0
447,"24/08/21,21:30:43",0.20520079,0.0001,0,0,0,0,0
448,"24/08/21,21:30:45",0.20466086,0.0001,0,0,0,0,0
449,"24/08/21,21:30:46",0.19916096,0.0001,0,0,0,0,0
450,"24/08/21,21:30:48",0.21327776,0.0001,0,0,0,0,0
451,"24/08/21,21:30:49",0.19623753,0.0001,0,0,0,0,0
452,"24/08/21,21:30:51",0.208745,0.0001,0,0,0,0,0
453,"24/08/21,21:30:52",0.2024493,0.0001,0,0,0,0,0
454,"24/08/21,21:30:54",0.20267561,0.0001,0,0,0,0,0
455,"24/08/21,21:30:55",0.20228812,0.0001,0,0,0,0,0
456,"24/08/21,21:30:57",0.20369099,0.0001,0,0,0,0,0
457,"24/08/21,21:30:58",0.20002368,0.0001,0,0,0,0,0
458,"24/08/21,21:31:00",0.19843,0.0001,0,0,0,0,0
459,"24/08/21,21:31:02",0.20297801,0.0001,0,0,0,0,0
460,"24/08/21,21:31:03",0.19572408,0.0001,0,0,0,0,0
461,"24/08/21,21:31:05",0.19992402,0.0001,0,0,0,0,0
462,"24/08/21,21:31:06",0.19806196,0.0001,0,0,0,0,0
463,"24/08/21,21:31:08",0.19449484,0.0001,0,0,0,0,0
464,"24/08/21,21:31:09",0.20107505,0.0001,0,0,0,0,0
465,"24/08/21,21:31:11",0.20393917,0.0001,0,0,0,0,0
466,"24/08/21,21:31:12",0.19881746,0.0001,0,0,0,0,0
467,"24/08/21,21:31:14",0.20276843,0.0001,0,0,0,0,0
468,"24/08/21,21:31:15",0.19362822,0.0001,0,0,0,0,0
469,"24/08/21,21:31:17",0.19880073,0.0001,0,0,0,0,0
470,"24/08/21,21:31:19",0.19927013,0.0001,0,0,0,0,0
471,"24/08/21,21:31:20",0.19657552,0.0001,0,0,0,0,0
472,"24/08/21,21:31:22",0.19683176,0.0001,0,0,0,0,0
473,"24/08/21,21:31:23",0.19202855,0.0001,0,0,0,0,0
474,"24/08/21,21:31:25",0.19369796,0.0001,0,0,0,0,0
475,"24/08/21,21:31:26",0.19690442,0.0001,0,0,0,0,0
476,"24/08/21,21:31:28",0.19481906,0.0001,0,0,0,0,0
477,"24/08/21,21:31:29",0.19642976,0.0001,0,0,0,0,0
478,"24/08/21,21:31:31",0.19283003,0.0001,0,0,0,0,0
479,"24/08/21,21:31:32",0.20015416,0.0001,0,0,0,0,0
480,"24/08/21,21:31:34",0.19497669,0.0001,0,0,0,0,0
481,"24/08/21,21:31:36",0.19475915,0.0001,0,0,0,0,0
482,"24/08/21,21:31:37",0.19268963,0.0001,0,0,0,0,0
483,"24/08/21,21:31:39",0.18955423,0.0001,0,0,0,0,0
484,"24/08/21,21:31:40",0.18976954,0.0001,0,0,0,0,0
485,"24/08/21,21:31:42",0.1873438,0.0001,0,0,0,0,0
486,"24/08/21,21:31:43",0.19049476,0.0001,0,0,0,0,0
487,"24/08/21,21:31:45",0.19140014,0.0001,0,0,0,0,0
488,"24/08/21,21:31:46",0.19146916,0.0001,0,0,0,0,0
489,"24/08/21,21:31:48",0.18923657,0.0001,0,0,0,0,0
490,"24/08/21,21:31:49",0.19958052,0.0001,0,0,0,0,0
491,"24/08/21,21:31:51",0.192612,0.0001,0,0,0,0,0
492,"24/08/21,21:31:53",0.18958859,0.0001,0,0,0,0,0
493,"24/08/21,21:31:54",0.20002246,0.0001,0,0,0,0,0
494,"24/08/21,21:31:56",0.18975714,0.0001,0,0,0,0,0
495,"24/08/21,21:31:57",0.18724956,0.0001,0,0,0,0,0
496,"24/08/21,21:31:59",0.18426861,0.0001,0,0,0,0,0
497,"24/08/21,21:32:00",0.19067758,0.0001,0,0,0,0,0
498,"24/08/21,21:32:02",0.1873729,0.0001,0,0,0,0,0
499,"24/08/21,21:32:03",0.18451852,0.0001,0,0,0,0,0
500,"24/08/21,21:32:05",0.18060407,0.0001,0,0,0,0,0
501,"24/08/21,21:32:06",0.19172138,0.0001,0,0,0,0,0
502,"24/08/21,21:32:08",0.18966082,0.0001,0,0,0,0,0
503,"24/08/21,21:32:10",0.18498108,0.0001,0,0,0,0,0
504,"24/08/21,21:32:11",0.1882607,0.0001,0,0,0,0,0
505,"24/08/21,21:32:13",0.18788046,0.0001,0,0,0,0,0
506,"24/08/21,21:32:14",0.19221675,0.0001,0,0,0,0,0
507,"24/08/21,21:32:16",0.18587217,0.0001,0,0,0,0,0
508,"24/08/21,21:32:17",0.18467203,0.0001,0,0,0,0,0
509,"24/08/21,21:32:19",0.18813223,0.0001,0,0,0,0,0
510,"24/08/21,21:32:20",0.18324545,0.0001,0,0,0,0,0
511,"24/08/21,21:32:22",0.18350278,0.0001,0,0,0,0,0
512,"24/08/21,21:32:23",0.18061015,0.0001,0,0,0,0,0
513,"24/08/21,21:32:25",0.18142217,0.0001,0,0,0,0,0
514,"24/08/21,21:32:26",0.18461317,0.0001,0,0,0,0,0
515,"24/08/21,21:32:28",0.1879588,0.0001,0,0,0,0,0
516,"24/08/21,21:32:30",0.1809821,0.0001,0,0,0,0,0
517,"24/08/21,21:32:31",0.18681201,0.0001,0,0,0,0,0
518,"24/08/21,21:32:33",0.18099995,0.0001,0,0,0,0,0
519,"24/08/21,21:32:34",0.18139358,0.0001,0,0,0,0,0
520,"24/08/21,21:32:36",0.18440261,0.0001,0,0,0,0,0
521,"24/08/21,21:32:37",0.1820313,0.0001,0,0,0,0,0
522,"24/08/21,21:32:39",0.18168515,0.0001,0,0,0,0,0
523,"24/08/21,21:32:40",0.1757619,0.0001,0,0,0,0,0
524,"24/08/21,21:32:42",0.18134162,0.0001,0,0,0,0,0
525,"24/08/21,21:32:43",0.17808455,0.0001,0,0,0,0,0
526,"24/08/21,21:32:45",0.17845191,0.0001,0,0,0,0,0
527,"24/08/21,21:32:47",0.18480985,0.0001,0,0,0,0,0
528,"24/08/21,21:32:48",0.18212485,0.0001,0,0,0,0,0
529,"24/08/21,21:32:50",0.17948502,0.0001,0,0,0,0,0
530,"24/08/21,21:32:51",0.182576,0.0001,0,0,0,0,0
531,"24/08/21,21:32:53",0.17834109,0.0001,0,0,0,0,0
532,"24/08/21,21:32:54",0.17445686,0.0001,0,0,0,0,0
533,"24/08/21,21:32:56",0.17543554,0.0001,0,0,0,0,0
534,"24/08/21,21:32:57",0.17575432,0.0001,0,0,0,0,0
535,"24/08/21,21:32:59",0.18006106,0.0001,0,0,0,0,0
536,"24/08/21,21:33:01",0.17571065,0.0001,0,0,0,0,0
537,"24/08/21,21:33:02",0.18191178,0.0001,0,0,0,0,0
538,"24/08/21,21:33:04",0.17836729,0.0001,0,0,0,0,0
539,"24/08/21,21:33:05",0.18305773,0.0001,0,0,0,0,0
540,"24/08/21,21:33:07",0.17286819,0.0001,0,0,0,0,0
541,"24/08/21,21:33:08",0.17728257,0.0001,0,0,0,0,0
542,"24/08/21,21:33:10",0.17111158,0.0001,0,0,0,0,0
543,"24/08/21,21:33:11",0.17471127,0.0001,0,0,0,0,0
544,"24/08/21,21:33:13",0.17399357,0.0001,0,0,0,0,0
545,"24/08/21,21:33:14",0.1701523,0.0001,0,0,0,0,0
546,"24/08/21,21:33:16",0.17322785,0.0001,0,0,0,0,0
547,"24/08/21,21:33:18",0.17459634,0.0001,0,0,0,0,0
548,"24/08/21,21:33:19",0.17242435,0.0001,0,0,0,0,0
549,"24/08/21,21:33:21",0.17317882,0.0001,0,0,0,0,0
550,"24/08/21,21:33:22",0.17833827,0.0001,0,0,0,0,0
551,"24/08/21,21:33:24",0.17589095,0.0001,0,0,0,0,0
552,"24/08/21,21:33:25",0.1715162,0.0001,0,0,0,0,0
553,"24/08/21,21:33:27",0.17109421,0.0001,0,0,0,0,0
554,"24/08/21,21:33:28",0.17113817,0.0001,0,0,0,0,0
555,"24/08/21,21:33:30",0.1744569,0.0001,0,0,0,0,0
556,"24/08/21,21:33:31",0.17034052,0.0001,0,0,0,0,0
557,"24/08/21,21:33:33",0.17335245,0.0001,0,0,0,0,0
558,"24/08/21,21:33:35",0.17385718,0.0001,0,0,0,0,0
559,"24/08/21,21:33:36",0.16661444,0.0001,0,0,0,0,0
560,"24/08/21,21:33:38",0.16627435,0.0001,0,0,0,0,0
561,"24/08/21,21:33:39",0.16756804,0.0001,0,0,0,0,0
562,"24/08/21,21:33:41",0.17881918,0.0001,0,0,0,0,0
563,"24/08/21,21:33:42",0.17830351,0.0001,0,0,0,0,0
564,"24/08/21,21:33:44",0.17058188,0.0001,0,0,0,0,0
565,"24/08/21,21:33:45",0.16528745,0.0001,0,0,0,0,0
566,"24/08/21,21:33:47",0.1712921,0.0001,0,0,0,0,0
567,"24/08/21,21:33:48",0.16938928,0.0001,0,0,0,0,0
568,"24/08/21,21:33:50",0.1674199,0.0001,0,0,0,0,0
569,"24/08/21,21:33:52",0.16843727,0.0001,0,0,0,0,0
570,"24/08/21,21:33:53",0.16680788,0.0001,0,0,0,0,0
571,"24/08/21,21:33:55",0.17174435,0.0001,0,0,0,0,0
572,"24/08/21,21:33:56",0.1636468,0.0001,0,0,0,0,0
573,"24/08/21,21:33:58",0.16539034,0.0001,0,0,0,0,0
574,"24/08/21,21:33:59",0.16483387,0.0001,0,0,0,0,0
575,"24/08/21,21:34:01",0.1617528,0.0001,0,0,0,0,0
576,"24/08/21,21:34:02",0.17029992,0.0001,0,0,0,0,0
577,"24/08/21,21:34:04",0.1641709,0.0001,0,0,0,0,0
578,"24/08/21,21:34:05",0.1595619,0.0001,0,0,0,0,0
579,"24/08/21,21:34:07",0.16823445,0.0001,0,0,0,0,0
580,"24/08/21,21:34:08",0.16683137,0.0001,0,0,0,0,0
581,"24/08/21,21:34:10",0.16396022,0.0001,0,0,0,0,0
582,"24/08/21,21:34:12",0.16713971,0.0001,0,0,0,0,0
583,"24/08/21,21:34:13",0.16595332,0.0001,0,0,0,0,0
584,"24/08/21,21:34:15",0.16676584,0.0001,0,0,0,0,0
585,"24/08/21,21:34:16",0.16474347,0.0001,0,0,0,0,0
586,"24/08/21,21:34:18",0.16531047,0.0001,0,0,0,0,0
587,"24/08/21,21:34:19",0.17601258,0.0001,0,0,0,0,0
588,"24/08/21,21:34:21",0.16134319,0.0001,0,0,0,0,0
589,"24/08/21,21:34:22",0.15942599,0.0001,0,0,0,0,0
590,"24/08/21,21:34:24",0.16647917,0.0001,0,0,0,0,0
591,"24/08/21,21:34:25",0.17048866,0.0001,0,0,0,0,0
592,"24/08/21,21:34:27",0.16436397,0.0001,0,0,0,0,0
593,"24/08/21,21:34:29",0.16007538,0.0001,0,0,0,0,0
594,"24/08/21,21:34:30",0.159756,0.0001,0,0,0,0,0
595,"24/08/21,21:34:32",0.15828657,0.0001,0,0,0,0,0
596,"24/08/21,21:34:33",0.16257681,0.0001,0,0,0,0,0
597,"24/08/21,21:34:35",0.16060753,0.0001,0,0,0,0,0
598,"24/08/21,21:34:36",0.15869652,0.0001,0,0,0,0,0
599,"24/08/21,21:34:38",0.16260594,0.0001,0,0,0,0,0
600,"24/08/21,21:34:39",0.16900875,0.0001,0,0,0,0,0
601,"24/08/21,21:34:41",0.15952605,0.0001,0,0,0,0,0
602,"24/08/21,21:34:42",0.16206694,0.0001,0,0,0,0,0
603,"24/08/21,21:34:44",0.15872402,0.0001,0,0,0,0,0
604,"24/08/21,21:34:46",0.1562067,0.0001,0,0,0,0,0
605,"24/08/21,21:34:47",0.16275166,0.0001,0,0,0,0,0
606,"24/08/21,21:34:49",0.1568892,0.0001,0,0,0,0,0
607,"24/08/21,21:34:50",0.1591835,0.0001,0,0,0,0,0
608,"24/08/21,21:34:52",0.1633889,0.0001,0,0,0,0,0
609,"24/08/21,21:34:53",0.15554509,0.0001,0,0,0,0,0
610,"24/08/21,21:34:55",0.15437108,0.0001,0,0,0,0,0
611,"24/08/21,21:34:56",0.1631392,0.0001,0,0,0,0,0
612,"24/08/21,21:34:58",0.16027355,0.0001,0,0,0,0,0
613,"24/08/21,21:34:59",0.1509393,0.0001,0,0,0,0,0
614,"24/08/21,21:35:01",0.1582681,0.0001,0,0,0,0,0
615,"24/08/21,21:35:03",0.16021866,0.0001,0,0,0,0,0
616,"24/08/21,21:35:04",0.15506941,0.0001,0,0,0,0,0
617,"24/08/21,21:35:06",0.16088676,0.0001,0,0,0,0,0
618,"24/08/21,21:35:07",0.15812537,0.0001,0,0,0,0,0
619,"24/08/21,21:35:09",0.15587255,0.0001,0,0,0,0,0
620,"24/08/21,21:35:10",0.15236276,0.0001,0,0,0,0,0
621,"24/08/21,21:35:12",0.15332179,0.0001,0,0,0,0,0
622,"24/08/21,21:35:13",0.15760034,0.0001,0,0,0,0,0
623,"24/08/21,21:35:15",0.1550739,0.0001,0,0,0,0,0
624,"24/08/21,21:35:16",0.15858164,0.0001,0,0,0,0,0
625,"24/08/21,21:35:18",0.15339136,0.0001,0,0,0,0,0
626,"24/08/21,21:35:20",0.15219647,0.0001,0,0,0,0,0
627,"24/08/21,21:35:21",0.15886617,0.0001,0,0,0,0,0
628,"24/08/21,21:35:23",0.15860261,0.0001,0,0,0,0,0
629,"24/08/21,21:35:24",0.14997989,0.0001,0,0,0,0,0
630,"24/08/21,21:35:26",0.14905763,0.0001,0,0,0,0,0
631,"24/08/21,21:35:27",0.15150684,0.0001,0,0,0,0,0
632,"24/08/21,21:35:29",0.15211143,0.0001,0,0,0,0,0
633,"24/08/21,21:35:30",0.16396013,0.0001,0,0,0,0,0
634,"24/08/21,21:35:32",0.14936374,0.0001,0,0,0,0,0
635,"24/08/21,21:35:33",0.1524787,0.0001,0,0,0,0,0
636,"24/08/21,21:35:35",0.15359446,0.0001,0,0,0,0,0
637,"24/08/21,21:35:37",0.15763259,0.0001,0,0,0,0,0
638,"24/08/21,21:35:38",0.15040696,0.0001,0,0,0,0,0
639,"24/08/21,21:35:40",0.15513876,0.0001,0,0,0,0,0
640,"24/08/21,21:35:41",0.14783022,0.0001,0,0,0,0,0
641,"24/08/21,21:35:43",0.15140314,0.0001,0,0,0,0,0
642,"24/08/21,21:35:44",0.1547895,0.0001,0,0,0,0,0
643,"24/08/21,21:35:46",0.15104574,0.0001,0,0,0,0,0
644,"24/08/21,21:35:47",0.14634213,0.0001,0,0,0,0,0
645,"24/08/21,21:35:49",0.15158011,0.0001,0,0,0,0,0
646,"24/08/21,21:35:50",0.1562804,0.0001,0,0,0,0,0
647,"24/08/21,21:35:52",0.1520071,0.0001,0,0,0,0,0
648,"24/08/21,21:35:54",0.14952558,0.0001,0,0,0,0,0
649,"24/08/21,21:35:55",0.14422005,0.0001,0,0,0,0,0
650,"24/08/21,21:35:57",0.15392011,0.0001,0,0,0,0,0
651,"24/08/21,21:35:58",0.14523228,0.0001,0,0,0,0,0
652,"24/08/21,21:36:00",0.14529794,0.0001,0,0,0,0,0
653,"24/08/21,21:36:01",0.15121812,0.0001,0,0,0,0,0
654,"24/08/21,21:36:03",0.1501452,0.0001,0,0,0,0,0
655,"24/08/21,21:36:04",0.14916374,0.0001,0,0,0,0,0
656,"24/08/21,21:36:06",0.14517325,0.0001,0,0,0,0,0
657,"24/08/21,21:36:07",0.14352795,0.0001,0,0,0,0,0
658,"24/08/21,21:36:09",0.14537254,0.0001,0,0,0,0,0
659,"24/08/21,21:36:11",0.15386972,0.0001,0,0,0,0,0
660,"24/08/21,21:36:12",0.14759475,0.0001,0,0,0,0,0
661,"24/08/21,21:36:14",0.14637,0.0001,0,0,0,0,0
662,"24/08/21,21:36:15",0.15110384,0.0001,0,0,0,0,0
663,"24/08/21,21:36:17",0.14772561,0.0001,0,0,0,0,0
664,"24/08/21,21:36:18",0.15239832,0.0001,0,0,0,0,0
665,"24/08/21,21:36:20",0.15076432,0.0001,0,0,0,0,0
666,"24/08/21,21:36:21",0.15047935,0.0001,0,0,0,0,0
667,"24/08/21,21:36:23",0.14280692,0.0001,0,0,0,0,0
668,"24/08/21,21:36:24",0.14293644,0.0001,0,0,0,0,0
669,"24/08/21,21:36:26",0.14160748,0.0001,0,0,0,0,0
670,"24/08/21,21:36:28",0.14805773,0.0001,0,0,0,0,0
671,"24/08/21,21:36:29",0.14776596,0.0001,0,0,0,0,0
672,"24/08/21,21:36:31",0.14279932,0.0001,0,0,0,0,0
673,"24/08/21,21:36:32",0.14961989,0.0001,0,0,0,0,0
674,"24/08/21,21:36:34",0.14378226,0.0001,0,0,0,0,0
675,"24/08/21,21:36:35",0.14828,0.0001,0,0,0,0,0
676,"24/08/21,21:36:37",0.14276354,0.0001,0,0,0,0,0
677,"24/08/21,21:36:38",0.14469308,0.0001,0,0,0,0,0
678,"24/08/21,21:36:40",0.14175376,0.0001,0,0,0,0,0
679,"24/08/21,21:36:41",0.14048249,0.0001,0,0,0,0,0
680,"24/08/21,21:36:43",0.13929895,0.0001,0,0,0,0,0
681,"24/08/21,21:36:45",0.14339206,0.0001,0,0,0,0,0
682,"24/08/21,21:36:46",0.14364795,0.0001,0,0,0,0,0
683,"24/08/21,21:36:48",0.14236255,0.0001,0,0,0,0,0
684,"24/08/21,21:36:49",0.13793235,0.0001,0,0,0,0,0
685,"24/08/21,21:36:51",0.13866583,0.0001,0,0,0,0,0
686,"24/08/21,21:36:52",0.14469114,0.0001,0,0,0,0,0
687,"24/08/21,21:36:54",0.14020953,0.0001,0,0,0,0,0
688,"24/08/21,21:36:55",0.15124905,0.0001,0,0,0,0,0
689,"24/08/21,21:36:57",0.13828003,0.0001,0,0,0,0,0
690,"24/08/21,21:36:58",0.14053038,0.0001,0,0,0,0,0
691,"24/08/21,21:37:00",0.13788146,0.0001,0,0,0,0,0
692,"24/08/21,21:37:02",0.14122528,0.0001,0,0,0,0,0
693,"24/08/21,21:37:03",0.13762245,0.0001,0,0,0,0,0
694,"24/08/21,21:37:05",0.13924068,0.0001,0,0,0,0,0
695,"24/08/21,21:37:06",0.14113836,0.0001,0,0,0,0,0
696,"24/08/21,21:37:08",0.13514856,0.0001,0,0,0,0,0
697,"24/08/21,21:37:09",0.13632196,0.0001,0,0,0,0,0
698,"24/08/21,21:37:11",0.14344749,0.0001,0,0,0,0,0
699,"24/08/21,21:37:12",0.13687564,0.0001,0,0,0,0,0
700,"24/08/21,21:37:14",0.13556173,0.0001,0,0,0,0,0
701,"24/08/21,21:37:15",0.14057115,0.0001,0,0,0,0,0
702,"24/08/21,21:37:17",0.13518913,0.0001,0,0,0,0,0
703,"24/08/21,21:37:19",0.1392459,0.0001,0,0,0,0,0
704,"24/08/21,21:37:20",0.1386643,0.0001,0,0,0,0,0
705,"24/08/21,21:37:22",0.13403179,0.0001,0,0,0,0,0
706,"24/08/21,21:37:23",0.13791156,0.0001,0,0,0,0,0
707,"24/08/21,21:37:25",0.13855481,0.0001,0,0,0,0,0
708,"24/08/21,21:37:26",0.14518261,0.0001,0,0,0,0,0
709,"24/08/21,21:37:28",0.1361715,0.0001,0,0,0,0,0
710,"24/08/21,21:37:29",0.13383959,0.0001,0,0,0,0,0
711,"24/08/21,21:37:31",0.14194429,0.0001,0,0,0,0,0
712,"24/08/21,21:37:32",0.13383403,0.0001,0,0,0,0,0
713,"24/08/21,21:37:34",0.15672685,0.0001,0,0,0,0,0
714,"24/08/21,21:37:36",0.1329079,0.0001,0,0,0,0,0
715,"24/08/21,21:37:37",0.13599855,0.0001,0,0,0,0,0
716,"24/08/21,21:37:39",0.1327107,0.0001,0,0,0,0,0
717,"24/08/21,21:37:40",0.13200524,0.0001,0,0,0,0,0
718,"24/08/21,21:37:42",0.1325507,0.0001,0,0,0,0,0
719,"24/08/21,21:37:43",0.14049718,0.0001,0,0,0,0,0
720,"24/08/21,21:37:45",0.13185248,0.0001,0,0,0,0,0
721,"24/08/21,21:37:46",0.12736134,0.0001,0,0,0,0,0
722,"24/08/21,21:37:48",0.13445853,0.0001,0,0,0,0,0
723,"24/08/21,21:37:49",0.12913251,0.0001,0,0,0,0,0
724,"24/08/21,21:37:51",0.13442984,0.0001,0,0,0,0,0
725,"24/08/21,21:37:53",0.13154316,0.0001,0,0,0,0,0
726,"24/08/21,21:37:54",0.13290796,0.0001,0,0,0,0,0
727,"24/08/21,21:37:56",0.13767028,0.0001,0,0,0,0,0
728,"24/08/21,21:37:57",0.13293277,0.0001,0,0,0,0,0
729,"24/08/21,21:37:59",0.13124129,0.0001,0,0,0,0,0
730,"24/08/21,21:38:00",0.13337488,0.0001,0,0,0,0,0
731,"24/08/21,21:38:02",0.13605592,0.0001,0,0,0,0,0
732,"24/08/21,21:38:03",0.12727123,0.0001,0,0,0,0,0
733,"24/08/21,21:38:05",0.13681537,0.0001,0,0,0,0,0
734,"24/08/21,21:38:06",0.12934212,0.0001,0,0,0,0,0
735,"24/08/21,21:38:08",0.13708575,0.0001,0,0,0,0,0
736,"24/08/21,21:38:10",0.13803631,0.0001,0,0,0,0,0
737,"24/08/21,21:38:11",0.14045997,0.0001,0,0,0,0,0
738,"24/08/21,21:38:13",0.13523194,0.0001,0,0,0,0,0
739,"24/08/21,21:38:14",0.12870717,0.0001,0,0,0,0,0
740,"24/08/21,21:38:16",0.12880382,0.0001,0,0,0,0,0
741,"24/08/21,21:38:17",0.13530764,0.0001,0,0,0,0,0
742,"24/08/21,21:38:19",0.12824294,0.0001,0,0,0,0,0
743,"24/08/21,21:38:20",0.13010299,0.0001,0,0,0,0,0
744,"24/08/21,21:38:22",0.12938806,0.0001,0,0,0,0,0
745,"24/08/21,21:38:23",0.12923126,0.0001,0,0,0,0,0
746,"24/08/21,21:38:25",0.13275501,0.0001,0,0,0,0,0
747,"24/08/21,21:38:27",0.12897742,0.0001,0,0,0,0,0
748,"24/08/21,21:38:28",0.12665945,0.0001,0,0,0,0,0
749,"24/08/21,21:38:30",0.12831016,0.0001,0,0,0,0,0
750,"24/08/21,21:38:31",0.12801045,0.0001,0,0,0,0,0
751,"24/08/21,21:38:33",0.1280455,0.0001,0,0,0,0,0
752,"24/08/21,21:38:34",0.12425093,0.0001,0,0,0,0,0
753,"24/08/21,21:38:36",0.1350681,0.0001,0,0,0,0,0
754,"24/08/21,21:38:37",0.13021767,0.0001,0,0,0,0,0
755,"24/08/21,21:38:39",0.12796074,0.0001,0,0,0,0,0
756,"24/08/21,21:38:40",0.12036681,0.0001,0,0,0,0,0
757,"24/08/21,21:38:42",0.13014537,0.0001,0,0,0,0,0
758,"24/08/21,21:38:44",0.12422409,0.0001,0,0,0,0,0
759,"24/08/21,21:38:45",0.124859184,0.0001,0,0,0,0,0
760,"24/08/21,21:38:47",0.12374316,0.0001,0,0,0,0,0
761,"24/08/21,21:38:48",0.120332755,0.0001,0,0,0,0,0
762,"24/08/21,21:38:50",0.12143085,0.0001,0,0,0,0,0
763,"24/08/21,21:38:51",0.13046488,0.0001,0,0,0,0,0
764,"24/08/21,21:38:53",0.12313843,0.0001,0,0,0,0,0
765,"24/08/21,21:38:54",0.1274869,0.0001,0,0,0,0,0
766,"24/08/21,21:38:56",0.12614346,0.0001,0,0,0,0,0
767,"24/08/21,21:38:57",0.12441449,0.0001,0,0,0,0,0
768,"24/08/21,21:38:59",0.12378501,0.0001,0,0,0,0,0
769,"24/08/21,21:39:01",0.12632675,0.0001,0,0,0,0,0
770,"24/08/21,21:39:02",0.123554714,0.0001,0,0,0,0,0
771,"24/08/21,21:39:04",0.12481964,0.0001,0,0,0,0,0
772,"24/08/21,21:39:05",0.12331221,0.0001,0,0,0,0,0
773,"24/08/21,21:39:07",0.121871874,0.0001,0,0,0,0,0
774,"24/08/21,21:39:08",0.12804192,0.0001,0,0,0,0,0
775,"24/08/21,21:39:10",0.12016532,0.0001,0,0,0,0,0
776,"24/08/21,21:39:11",0.13055205,0.0001,0,0,0,0,0
777,"24/08/21,21:39:13",0.1296096,0.0001,0,0,0,0,0
778,"24/08/21,21:39:14",0.12815394,0.0001,0,0,0,0,0
779,"24/08/21,21:39:16",0.118700325,0.0001,0,0,0,0,0
780,"24/08/21,21:39:18",0.12583865,0.0001,0,0,0,0,0
781,"24/08/21,21:39:19",0.12261427,0.0001,0,0,0,0,0
782,"24/08/21,21:39:21",0.12244345,0.0001,0,0,0,0,0
783,"24/08/21,21:39:22",0.12767671,0.0001,0,0,0,0,0
784,"24/08/21,21:39:24",0.11949974,0.0001,0,0,0,0,0
785,"24/08/21,21:39:25",0.11955707,0.0001,0,0,0,0,0
786,"24/08/21,21:39:27",0.1228828,0.0001,0,0,0,0,0
787,"24/08/21,21:39:28",0.12309109,0.0001,0,0,0,0,0
788,"24/08/21,21:39:30",0.120750554,0.0001,0,0,0,0,0
789,"24/08/21,21:39:31",0.118309066,0.0001,0,0,0,0,0
790,"24/08/21,21:39:33",0.12235614,0.0001,0,0,0,0,0
791,"24/08/21,21:39:35",0.11840903,0.0001,0,0,0,0,0
792,"24/08/21,21:39:36",0.12043016,0.0001,0,0,0,0,0
793,"24/08/21,21:39:38",0.12667814,0.0001,0,0,0,0,0
794,"24/08/21,21:39:39",0.124516666,0.0001,0,0,0,0,0
795,"24/08/21,21:39:41",0.11946544,0.0001,0,0,0,0,0
796,"24/08/21,21:39:42",0.12803108,0.0001,0,0,0,0,0
797,"24/08/21,21:39:44",0.116905645,0.0001,0,0,0,0,0
798,"24/08/21,21:39:45",0.119917415,0.0001,0,0,0,0,0
799,"24/08/21,21:39:47",0.12157887,0.0001,0,0,0,0,0
800,"24/08/21,21:39:48",0.12046753,0.0001,0,0,0,0,0
801,"24/08/21,21:39:50",0.11766685,0.0001,0,0,0,0,0
802,"24/08/21,21:39:52",0.12383425,0.0001,0,0,0,0,0
803,"24/08/21,21:39:53",0.118467405,0.0001,0,0,0,0,0
804,"24/08/21,21:39:55",0.124642715,0.0001,0,0,0,0,0
805,"24/08/21,21:39:56",0.11397375,0.0001,0,0,0,0,0
806,"24/08/21,21:39:58",0.118546456,0.0001,0,0,0,0,0
807,"24/08/21,21:39:59",0.11598287,0.0001,0,0,0,0,0
808,"24/08/21,21:40:01",0.12275155,0.0001,0,0,0,0,0
809,"24/08/21,21:40:02",0.11394106,0.0001,0,0,0,0,0
810,"24/08/21,21:40:04",0.11884468,0.0001,0,0,0,0,0
811,"24/08/21,21:40:05",0.12155617,0.0001,0,0,0,0,0
812,"24/08/21,21:40:07",0.12072699,0.0001,0,0,0,0,0
813,"24/08/21,21:40:09",0.12216523,0.0001,0,0,0,0,0
814,"24/08/21,21:40:10",0.117590904,0.0001,0,0,0,0,0
815,"24/08/21,21:40:12",0.11553959,0.0001,0,0,0,0,0
816,"24/08/21,21:40:13",0.116811186,0.0001,0,0,0,0,0
817,"24/08/21,21:40:15",0.116348416,0.0001,0,0,0,0,0
818,"24/08/21,21:40:16",0.11817909,0.0001,0,0,0,0,0
819,"24/08/21,21:40:18",0.117639504,0.0001,0,0,0,0,0
820,"24/08/21,21:40:19",0.11126898,0.0001,0,0,0,0,0
821,"24/08/21,21:40:21",0.112950586,0.0001,0,0,0,0,0
822,"24/08/21,21:40:22",0.11134536,0.0001,0,0,0,0,0
823,"24/08/21,21:40:24",0.11170818,0.0001,0,0,0,0,0
824,"24/08/21,21:40:26",0.11212236,0.0001,0,0,0,0,0
825,"24/08/21,21:40:27",0.11461494,0.0001,0,0,0,0,0
826,"24/08/21,21:40:29",0.11245519,0.0001,0,0,0,0,0
827,"24/08/21,21:40:30",0.11182159,0.0001,0,0,0,0,0
828,"24/08/21,21:40:32",0.11114353,0.0001,0,0,0,0,0
829,"24/08/21,21:40:33",0.1100851,0.0001,0,0,0,0,0
830,"24/08/21,21:40:35",0.10836496,0.0001,0,0,0,0,0
831,"24/08/21,21:40:36",0.11821288,0.0001,0,0,0,0,0
832,"24/08/21,21:40:38",0.11045821,0.0001,0,0,0,0,0
833,"24/08/21,21:40:39",0.10949424,0.0001,0,0,0,0,0
834,"24/08/21,21:40:41",0.12132281,0.0001,0,0,0,0,0
835,"24/08/21,21:40:43",0.10882263,0.0001,0,0,0,0,0
836,"24/08/21,21:40:44",0.11896646,0.0001,0,0,0,0,0
837,"24/08/21,21:40:46",0.11807747,0.0001,0,0,0,0,0
838,"24/08/21,21:40:47",0.122526586,0.0001,0,0,0,0,0
839,"24/08/21,21:40:49",0.11310713,0.0001,0,0,0,0,0
840,"24/08/21,21:40:50",0.116234906,0.0001,0,0,0,0,0
841,"24/08/21,21:40:52",0.1133579,0.0001,0,0,0,0,0
842,"24/08/21,21:40:53",0.1121671,0.0001,0,0,0,0,0
843,"24/08/21,21:40:55",0.11288692,0.0001,0,0,0,0,0
844,"24/08/21,21:40:56",0.10810736,0.0001,0,0,0,0,0
845,"24/08/21,21:40:58",0.11650334,0.0001,0,0,0,0,0
846,"24/08/21,21:41:00",0.119444326,0.0001,0,0,0,0,0
847,"24/08/21,21:41:01",0.107649386,0.0001,0,0,0,0,0
848,"24/08/21,21:41:03",0.11444191,0.0001,0,0,0,0,0
849,"24/08/21,21:41:04",0.11884235,0.0001,0,0,0,0,0
850,"24/08/21,21:41:06",0.11267103,0.0001,0,0,0,0,0
851,"24/08/21,21:41:07",0.11813113,0.0001,0,0,0,0,0
852,"24/08/21,21:41:09",0.1064655,0.0001,0,0,0,0,0
853,"24/08/21,21:41:10",0.11697757,0.0001,0,0,0,0,0
854,"24/08/21,21:41:12",0.11034357,0.0001,0,0,0,0,0
855,"24/08/21,21:41:13",0.11960667,0.0001,0,0,0,0,0
856,"24/08/21,21:41:15",0.111728035,0.0001,0,0,0,0,0
857,"24/08/21,21:41:17",0.111561075,0.0001,0,0,0,0,0
858,"24/08/21,21:41:18",0.111282855,0.0001,0,0,0,0,0
859,"24/08/21,21:41:20",0.10937813,0.0001,0,0,0,0,0
860,"24/08/21,21:41:21",0.11247519,0.0001,0,0,0,0,0
861,"24/08/21,21:41:23",0.10885455,0.0001,0,0,0,0,0
862,"24/08/21,21:41:24",0.110912204,0.0001,0,0,0,0,0
863,"24/08/21,21:41:26",0.11104672,0.0001,0,0,0,0,0
864,"24/08/21,21:41:27",0.1085777,0.0001,0,0,0,0,0
865,"24/08/21,21:41:29",0.109099284,0.0001,0,0,0,0,0
866,"24/08/21,21:41:30",0.110680595,0.0001,0,0,0,0,0
867,"24/08/21,21:41:32",0.10887478,0.0001,0,0,0,0,0
868,"24/08/21,21:41:34",0.1088392,0.0001,0,0,0,0,0
869,"24/08/21,21:41:35",0.10963553,0.0001,0,0,0,0,0
870,"24/08/21,21:41:37",0.108277544,0.0001,0,0,0,0,0
871,"24/08/21,21:41:38",0.1096735,0.0001,0,0,0,0,0
872,"24/08/21,21:41:40",0.10738185,0.0001,0,0,0,0,0
873,"24/08/21,21:41:41",0.10759249,0.0001,0,0,0,0,0
874,"24/08/21,21:41:43",0.105445035,0.0001,0,0,0,0,0
875,"24/08/21,21:41:44",0.10711993,0.0001,0,0,0,0,0
876,"24/08/21,21:41:46",0.10811571,0.0001,0,0,0,0,0
877,"24/08/21,21:41:47",0.11801858,0.0001,0,0,0,0,0
878,"24/08/21,21:41:49",0.10667862,0.0001,0,0,0,0,0
879,"24/08/21,21:41:51",0.10287916,0.0001,0,0,0,0,0
880,"24/08/21,21:41:52",0.10577994,0.0001,0,0,0,0,0
881,"24/08/21,21:41:54",0.10910207,0.0001,0,0,0,0,0
882,"24/08/21,21:41:55",0.105840206,0.0001,0,0,0,0,0
883,"24/08/21,21:41:57",0.1019638,0.0001,0,0,0,0,0
884,"24/08/21,21:42:03",-1,0.0001,"tensor(0.1485, device='cuda:0')","tensor(0., device='cuda:0')","tensor(0.0802, device='cuda:0')","tensor(0., device='cuda:0')",1
885,"24/08/21,21:42:03",-1,0.0001,"tensor(0., device='cuda:0')","tensor(0., device='cuda:0')","tensor(0., device='cuda:0')","tensor(0., device='cuda:0')",1
886,"24/08/21,21:42:03",-1,0.0001,"tensor(0.0065, device='cuda:0')","tensor(0., device='cuda:0')","tensor(0.0033, device='cuda:0')","tensor(0., device='cuda:0')",1
887,"24/08/21,21:42:03",-1,0.0001,"tensor(0., device='cuda:0')","tensor(0., device='cuda:0')","tensor(0., device='cuda:0')","tensor(0., device='cuda:0')",1
888,"24/08/21,21:42:03",-1,0.0001,"tensor(0.4208, device='cuda:0')","tensor(0., device='cuda:0')","tensor(0.2665, device='cuda:0')","tensor(0., device='cuda:0')",1
889,"24/08/21,21:42:03",-1,0.0001,"tensor(0.9328, device='cuda:0')","tensor(0., device='cuda:0')","tensor(0.8741, device='cuda:0')","tensor(0., device='cuda:0')",1
890,"24/08/21,21:42:03",-1,0.0001,"tensor(0.9500, device='cuda:0')","tensor(0., device='cuda:0')","tensor(0.9047, device='cuda:0')","tensor(0., device='cuda:0')",1
891,"24/08/21,21:42:03",-1,0.0001,"tensor(0.9438, device='cuda:0')","tensor(0., device='cuda:0')","tensor(0.8936, device='cuda:0')","tensor(0., device='cuda:0')",1
892,"24/08/21,21:42:03",-1,0.0001,"tensor(0.9562, device='cuda:0')","tensor(0., device='cuda:0')","tensor(0.9161, device='cuda:0')","tensor(0., device='cuda:0')",1
893,"24/08/21,21:42:03",-1,0.0001,"tensor(0.9536, device='cuda:0')","tensor(0., device='cuda:0')","tensor(0.9113, device='cuda:0')","tensor(0., device='cuda:0')",1
894,"24/08/21,21:42:03",-1,0.0001,"tensor(0.9324, device='cuda:0')","tensor(0., device='cuda:0')","tensor(0.8733, device='cuda:0')","tensor(0., device='cuda:0')",1
895,"24/08/21,21:42:03",-1,0.0001,"tensor(0.9116, device='cuda:0')","tensor(0., device='cuda:0')","tensor(0.8375, device='cuda:0')","tensor(0., device='cuda:0')",1
